date	close	more
1-May-12	58.13	test1
30-Apr-12	53.98	test
27-Apr-12	67.00	test2
26-Apr-12	89.70	test
25-Apr-12	99.00	test
24-Apr-12	130.28	test
23-Apr-12	166.70	test4
20-Apr-12	234.98	test
19-Apr-12	345.44	test
18-Apr-12	443.34	test
17-Apr-12	543.70	test
16-Apr-12	580.13	test
13-Apr-12	605.23	test
12-Apr-12	622.77	test
11-Apr-12	626.20	test
10-Apr-12	628.44	test
9-Apr-12	636.23	test
5-Apr-12	633.68	test
4-Apr-12	624.31	test
3-Apr-12	629.32	test
2-Apr-12	618.63	test
30-Mar-12	599.55	test
29-Mar-12	609.86	test
28-Mar-12	617.62	test
27-Mar-12	614.48	test
26-Mar-12	606.98	test
