Tag,Frühschicht,FrühMitarbeiter,FrühErgebnis,FrühAbfrage,Mittelschicht,MittelMitarbeiter,Mittelergebnis,MittelAbfrage,Spätschicht,SpätMitarbeiter,Spätergebnis,SpätAbfrage,Geteilteschicht,GeteilteMitarbeiter,Geteiltergebnis,GeteiltAbfrage,Gesamt,GesamtAbfrage
1,40,38,-2,Mitarbeitermangel,33,47,14,Mitarbeiterüberschuss,13,14,1,Mitarbeiterüberschuss,33,20,-13,Mitarbeitermangel,0,Mitarbeitermangel
2,40,38,-2,Mitarbeitermangel,33,47,14,Mitarbeiterüberschuss,13,14,1,Mitarbeiterüberschuss,33,20,-13,Mitarbeitermangel,0,Mitarbeitermangel
3,40,38,-2,Mitarbeitermangel,33,47,14,Mitarbeiterüberschuss,13,14,1,Mitarbeiterüberschuss,33,20,-13,Mitarbeitermangel,0,Mitarbeitermangel
4,40,38,-2,Mitarbeitermangel,33,47,14,Mitarbeiterüberschuss,13,14,1,Mitarbeiterüberschuss,33,20,-13,Mitarbeitermangel,0,Mitarbeitermangel
5,40,38,-2,Mitarbeitermangel,33,47,14,Mitarbeiterüberschuss,13,14,1,Mitarbeiterüberschuss,33,20,-13,Mitarbeitermangel,0,Mitarbeitermangel
6,20,22,2,Mitarbeiterüberschuss,25,33,8,Mitarbeiterüberschuss,10,10,0,Mitarbeitermangel,20,10,-10,Mitarbeitermangel,0,Mitarbeitermangel
7,20,22,2,Mitarbeiterüberschuss,25,33,8,Mitarbeiterüberschuss,10,10,0,Mitarbeitermangel,20,10,-10,Mitarbeitermangel,0,Mitarbeitermangel
